basic_trend_following,basic_mean_reversion,basic_breakout,basic_momentum,portfolio_enhanced_momentum,portfolio_enhanced_trend,portfolio_enhanced_breakout,portfolio_enhanced_mean_reversion
100000000.0,100000000.0,100000000.0,100000000.0,1000000.0,1000000.0,1000000.0,1000000.0
100000000.0,100000000.0,100000000.0,100000000.0,1000000.0,1000000.0,1000000.0,1000000.0
100000000.0,100000000.0,100000000.0,100000000.0,1000000.0,1000000.0,1000000.0,1000000.0
100000000.0,100000000.0,100000000.0,100000000.0,1000000.0,1000000.0,1000000.0,1000000.0
100000000.0,100000000.0,100000000.0,100000000.0,1000000.0,1000000.0,1000000.0,1000000.0
100000000.0,100000000.0,100000000.0,100000000.0,1000000.0,1000000.0,1000000.0,1000000.0
100000000.0,100000000.0,100000000.0,100000000.0,1000000.0,1000000.0,1000000.0,1000000.0
100000000.0,100000000.0,100000000.0,100000000.0,1000000.0,1000000.0,1000000.0,1000000.0
100000000.0,100000000.0,100000000.0,100000000.0,1000000.0,1000000.0,1000000.0,1000000.0
100000000.0,100000000.0,100000000.0,100000000.0,1000000.0,1000000.0,1000000.0,1000000.0
100000000.0,100000000.0,100000000.0,100000000.0,1000000.0,1000000.0,1000000.0,1000000.0
100000000.0,100000000.0,100000000.0,100000000.0,1000000.0,1000000.0,1000000.0,1000000.0
100000000.0,100000000.0,100000000.0,100000000.0,1000000.0,1000000.0,1000000.0,1000000.0
100000000.0,100000000.0,100000000.0,100000000.0,1000000.0,1000000.0,1000000.0,1000000.0
100000000.0,100051242.00730133,100000000.0,100000000.0,1000000.0,1000000.0,1000000.0,1000000.0
100000000.0,99898085.94917014,100000000.0,100000000.0,1000000.0,1000000.0,1000000.0,1000000.0
100000000.0,100082378.69502139,100000000.0,100000000.0,1000000.0,1000000.0,1000000.0,1000000.0
100000000.0,100168689.30514537,100000000.0,100000000.0,1000000.0,1000000.0,1000000.0,1000000.0
100000000.0,100297260.10505268,100000000.0,100000000.0,1000000.0,1000000.0,1000000.0,1000000.0
100000000.0,100315522.62745824,100000000.0,100000000.0,1000000.0,1000000.0,1000000.0,1000000.0
100000000.0,100140373.82201415,100000000.0,100000000.0,1000000.0,1000000.0,1000000.0,1000000.0
100000000.0,100460829.19423339,100000000.0,100000000.0,1000000.0,1000000.0,1000000.0,1000000.0
100000000.0,100119027.2842503,100000000.0,100000000.0,1000000.0,1000000.0,1000000.0,1000000.0
100000000.0,99743921.63346834,100000000.0,100000000.0,1000000.0,1000000.0,1000000.0,1000000.0
99980344.23934627,100027220.9004455,100000000.0,100000000.0,1000000.0,1000000.0,1000000.0,1000000.0
99961498.40182257,100038156.74163513,100000000.0,100000000.0,1000000.0,1000000.0,1000000.0,1000000.0
99938268.04300979,99966098.06385154,100000000.0,100000000.0,1000000.0,1000000.0,1000000.0,1000000.0
99938268.04300979,100024163.65830886,100000000.0,100000000.0,1000000.0,1000000.0,1000000.0,1000000.0
99938268.04300979,100215607.08431835,100000000.0,100000000.0,1000000.0,1000000.0,1000000.0,1000000.0
99938268.04300979,99719915.73246703,100000000.0,100000000.0,1000000.0,1000000.0,1000000.0,1000000.0
99938268.04300979,99836536.08742407,100000000.0,100000000.0,1000000.0,1000000.0,1000000.0,1000000.0
99956890.67552608,100573941.35479051,100000000.0,100000000.0,1000000.0,1000000.0,1000000.0,1000000.0
99993486.9979481,100552995.01213108,100000000.0,100000000.0,1000000.0,1000000.0,1000000.0,1000000.0
99984176.42350823,100463806.25334081,100000000.0,100000000.0,1000000.0,1000000.0,1000000.0,1000000.0
99963229.93545374,100750775.87712026,100000000.0,99980023.84271137,980023.8427113757,980023.8427113757,1000000.0,1000000.0
99970626.5370762,100807551.01221587,100000000.0,99987077.80216402,987077.8021640093,987077.8021640093,1000000.0,1000000.0
100004797.69957292,100772386.81130323,100000000.0,100019666.01050681,1019666.0105068135,1019666.0105068135,1000000.0,1000000.0
99998474.27232918,100382583.6756966,100000000.0,100013635.51141332,1013635.5114133176,1013635.5114133176,1000000.0,1000000.0
99993033.410157,100544283.64588296,100000000.0,100008446.69320884,1008446.6932088371,1008446.6932088371,1000000.0,1000000.0
100014450.29954058,100609580.57431683,100000000.0,100028871.46082842,1028871.4608284181,1028871.4608284181,1000000.0,1000000.0
100001057.58993042,100709546.16462064,100000000.0,100015478.75121827,1016099.1587128,1016099.1587128,1000000.0,1000000.0
99984644.6169818,100675608.04911594,100000000.0,99999065.77826966,1000446.5047527466,1000446.5047527466,1000000.0,1000000.0
99995627.39575103,100659688.2314773,100000000.0,100010048.55703887,1010920.5143141197,1010920.5143141197,1000000.0,1000000.0
99981630.7597626,100409514.9031368,100000000.0,99996051.92105044,997572.2622687628,997572.2622687628,1000000.0,1000000.0
100015800.8877882,100476636.35093059,100000000.0,100030222.04907607,1030159.4840615699,1030159.4840615699,1000000.0,1000000.0
100014393.78719366,100713358.2370552,100000000.0,100034466.5700155,1034207.3806674592,1034207.3806674592,1000000.0,1000000.0
100029520.83234796,100854119.9114727,100000000.0,100057829.28365232,1056487.8336524188,1056487.8336524188,1000000.0,1000000.0
100041110.41639714,101189161.50343455,100000000.0,100055217.07253352,1054002.887465077,1054775.7952847756,1000000.0,1000000.0
100051367.83783565,101021305.07678927,100000000.0,100048466.66623873,1047581.3558114619,1049279.3895888582,1000000.0,1000000.0
100044048.46766111,101064927.98812999,100000000.0,100029101.06114854,1029159.228216878,1031510.5122129297,1000000.0,1000000.0
100087917.92617929,100835425.7282051,100000000.0,100075968.01398176,1073742.858887955,1075937.342532995,1000000.0,1000000.0
100080214.71867889,100618866.46964969,100000000.0,100073150.0400908,1071062.174533625,1072990.2797126074,1000000.0,1000000.0
100052950.34497786,100801745.64390887,100000000.0,100080440.90302104,1076191.09614497,1078045.4569956658,1000000.0,1000000.0
100053662.43370226,100926850.40098037,100000000.0,100079669.71821496,1075534.9762964908,1077311.843724606,1000000.0,1000000.0
100022661.04631141,101123032.14518584,100000000.0,100055286.29707551,1052339.4968197912,1054116.3642479067,1000000.0,1000000.0
100035232.0763616,101120514.86174144,100000000.0,100054111.66474028,1051222.0916751695,1053752.1184376825,1000000.0,1000000.0
100029707.56950626,100859631.3360237,100000000.0,100046276.93033147,1043769.0595454442,1046424.6183490439,1000000.0,1000000.0
100049969.1563955,100868055.3440174,100000000.0,100066589.52826524,1063092.043215235,1065274.678872738,1000000.0,1000000.0
100037285.44409269,100812422.63732947,100000000.0,100053873.88315201,1050995.8946243413,1053178.5302818443,1000000.0,1000000.0
100032992.25582835,101469563.25545253,100000000.0,100049569.88625659,1046901.5851718457,1049084.2208293488,1000000.0,1000000.0
100028319.81894308,101574221.66409625,100000000.0,100044885.68593507,1042445.5955139019,1044628.231171405,1000000.0,1000000.0
100016907.24846129,101240612.28900374,100000000.0,100033444.38289918,1031561.7040272326,1033744.3396847356,1000000.0,1000000.0
99988918.83343768,100998495.2421316,100000000.0,100005385.50358799,1004869.8318949477,1033744.3396847356,1000000.0,1000000.0
99988918.83343768,100923793.53926663,100000000.0,100012727.3556169,1004869.8318949477,1033744.3396847356,1000000.0,1000000.0
99988918.83343768,100592068.01974219,100000000.0,99995501.4139292,1004869.8318949477,1033744.3396847356,1000000.0,1000000.0
99988918.83343768,100689651.52453032,100000000.0,99995501.4139292,1004869.8318949477,1033744.3396847356,1000000.0,1000000.0
99988918.83343768,100842214.76775035,100000000.0,99995501.4139292,1004869.8318949477,1033744.3396847356,1000000.0,1000000.0
99988918.83343768,101111440.35824455,100000000.0,99995501.4139292,1004869.8318949477,1033744.3396847356,1000000.0,1000000.0
99988918.83343768,100388226.27650133,100000000.0,99995501.4139292,1004869.8318949477,1033744.3396847356,1000000.0,1000000.0
99988918.83343768,100420689.404244,100000000.0,99995501.4139292,1004869.8318949477,1033744.3396847356,1000000.0,1000000.0
99965064.52187127,99959914.89180097,100000000.0,99995501.4139292,1004869.8318949477,1033744.3396847356,1000000.0,1000000.0
99965064.52187127,99640673.54014182,100000000.0,99995501.4139292,1004869.8318949477,1033744.3396847356,1000000.0,1000000.0
99965064.52187127,99509973.7300595,100000000.0,99995501.4139292,1004869.8318949477,1033744.3396847356,1000000.0,1000000.0
99965064.52187127,99485991.24028553,100000000.0,99995501.4139292,1004869.8318949477,1033744.3396847356,1000000.0,1000000.0
99954675.30559391,99524750.13690183,100000000.0,99995501.4139292,1004869.8318949477,1033744.3396847356,1000000.0,1000000.0
99986514.2024166,99903188.40021724,100000000.0,99995501.4139292,1004869.8318949477,1033744.3396847356,1000000.0,1000000.0
100008562.5058429,100325149.3337494,100000000.0,100018503.11419699,1027983.6964970225,1057523.178554392,1000000.0,1000000.0
99984324.92648685,100851077.57412377,100000000.0,99991984.45451635,1002574.7515688882,1031383.2310512019,1000000.0,1000000.0
99974591.66956532,100908516.27896549,100000000.0,99981335.16796449,992371.1010534037,1020886.0266387381,1000000.0,1000000.0
99986903.18696965,100805226.6955403,100000000.0,99994805.36378734,1005277.6154834632,1034163.8550021407,1000000.0,1000000.0
100001393.58544856,100815462.6113472,100000000.0,100010659.50253007,1020468.3130167697,1049791.5812686412,1000000.0,1000000.0
100009359.88081679,101235671.59220809,100000000.0,100019375.53281847,1028819.6073980526,1058383.138191916,1000000.0,1000000.0
100026406.74268973,100286374.25471337,100000000.0,100038026.73234591,1046690.3183368142,1076767.9805025726,1000000.0,1000000.0
100036017.7121695,100079325.28260684,100000000.0,100016544.7908543,1026107.3222547013,1055592.8219681839,1000000.0,1000000.0
100031902.28285378,100479883.21609373,100000000.0,100035344.33436187,1044120.1694879523,1074123.8897630847,1000000.0,1000000.0
100047410.02659705,101098314.70234802,100000000.0,100026235.24268183,1035392.2619831578,1065144.8847460207,1000000.0,1000000.0
100078524.28176893,101550369.44731544,100000000.0,100045534.04080455,1053883.4717420624,1084168.0773160134,1000000.0,1000000.0
100117312.55634153,101584499.0717573,100000000.0,100069294.44560635,1076649.58527683,1107589.1604949357,1000000.0,1000000.0
100111750.18544643,101565486.79812358,100000000.0,100054605.15233456,1062574.9884355483,1093109.6445764175,1000000.0,1000000.0
100130797.51794298,101923270.4647858,100000000.0,100058606.31425595,1066408.7154841097,1097053.6660253364,1000000.0,1000000.0
100115719.50134139,101957380.7358229,100000000.0,100043236.59125787,1056375.8411062807,1086732.1508941762,1000000.0,1000000.0
100094252.83611393,102017797.0689957,100000000.0,100020989.78781933,1040223.4184950164,1070115.0312025878,1000000.0,1000000.0
100103271.74465016,102142264.89810108,100000000.0,100029271.10391968,1041553.2277115871,1071483.0983619578,1000000.0,1000000.0
100101691.50293148,102390488.99233554,100000000.0,100025229.95009759,1041553.2277115871,1057595.867121303,1000000.0,1000000.0
100137670.21953103,102414153.14691184,100000000.0,100062418.5725732,1041553.2277115871,1057595.867121303,1000000.0,1000000.0
100101890.53317225,102590939.69175456,100000000.0,100030728.99583393,1041553.2277115871,1023736.4068296507,1000000.0,1000000.0
100109077.46890862,102499211.35209678,100000000.0,100042093.32711804,1041553.2277115871,1007840.6027777893,1000000.0,1000000.0
100162530.59106663,102451921.0650432,100000000.0,100095384.13630813,1041553.2277115871,1031418.4866262015,1000000.0,1000000.0
100135103.91187058,102323318.92782901,99991440.65860593,100069105.05265266,1032636.2813385803,1013944.5412890972,991440.658605933,1000000.0
100092703.70797542,102088359.6756203,99958723.40319669,100024175.14951155,998552.1154518969,1005176.1220263746,958723.4031966955,1000000.0
100073696.72278178,102084812.17928194,99934233.51486105,100001866.92843795,998552.1154518969,1003878.2053138085,934233.5148610509,1000000.0
100116903.91307038,102063581.99601482,99972135.53217974,100048658.43164417,998552.1154518969,1006512.9064361328,934233.5148610509,1000000.0
100131054.72693469,101695602.81582282,99981426.70952377,100063294.35163212,998552.1154518969,1010441.4738241765,934233.5148610509,1000000.0
100110562.82814181,101852008.81039642,99962178.32348469,100065758.68832912,998552.1154518969,1035317.9674564695,934233.5148610509,1000000.0
100125721.93524729,102499954.24440216,99976417.52837846,100080404.47651197,998552.1154518969,1033993.3325656774,934233.5148610509,1000000.0
100115629.59931737,102215494.67380355,99970032.82164621,100069938.26590931,998552.1154518969,1030543.8488335967,934233.5148610509,1000000.0
100067312.62074345,102239511.52899383,99935128.00426228,100018988.16197842,962553.5687804983,1018185.6479797461,934233.5148610509,1000000.0
100079922.76179495,102268560.9089825,99936525.91062766,100030786.55171293,962553.5687804983,1028728.0492359111,934233.5148610509,1000000.0
100099342.20235553,102446923.81589149,99942354.95379308,100055342.90657833,962553.5687804983,1047135.6120732743,934233.5148610509,1000000.0
100113838.26186432,102319745.44895194,99933319.54303914,100058044.576336,962553.5687804983,1060876.3336697412,934233.5148610509,1000000.0
100108130.15043238,102322764.64233516,99947492.99227566,100069374.47737142,962553.5687804983,1055465.6515474364,934233.5148610509,1000000.0
100106591.80957709,102169014.90407489,99959832.76194072,100082375.05178934,962553.5687804983,1054007.468142492,934233.5148610509,1000000.0
100102503.26017714,101952549.92765115,99975425.69289294,100096842.61356682,962553.5687804983,1050131.9584562792,934233.5148610509,1000000.0
100098106.68867323,101892772.84717868,99998912.20431206,100120244.41191936,962553.5687804983,1045964.4765983582,934233.5148610509,1000000.0
100086918.3022111,101963179.91554473,99979312.05011642,100104904.61757717,962553.5687804983,1053787.0063653772,934233.5148610509,1000000.0
100067183.96209851,102194015.65584587,99975458.12462077,100085860.55589387,958760.769375878,1038516.5354373798,934233.5148610509,1000000.0
100086289.15138032,102223303.54000305,99970271.27683142,100101971.23049454,953656.1888048577,1061250.0387018572,934233.5148610509,1000000.0
100090293.20590582,102546987.93145297,99963082.69135743,100103756.10762647,946581.6195801834,1071453.723160801,934233.5148610509,1000000.0
100110363.00824852,102555032.63815092,99959521.41613165,100121172.547477,943076.8287970357,1093826.0460745469,934233.5148610509,1000000.0
100116232.3710779,102922364.26004861,99966081.39836003,100128248.79026587,943076.8287970357,1093221.9274602844,934233.5148610509,1000000.0
100160774.54092072,102723191.23464416,99997551.717307,100177172.94705299,943076.8287970357,1105854.9877262958,934233.5148610509,1000000.0
100190498.16968772,102753788.17710136,100027050.32675697,100211505.86719307,945457.1952292457,1109941.0991800486,936590.8507956445,1000000.0
100185391.97807086,102762798.28061269,100023905.00118253,100208290.46334119,935281.1434989601,1098276.188669085,926513.2542997914,1000000.0
100179386.04167695,102859432.29169439,100015777.84958205,100198329.38094641,945809.5112607983,1109807.8145329105,936939.7581026348,1000000.0
100157884.86208098,102774771.12313436,99994402.54508495,100173442.48536073,943358.3422996678,1107062.4800120846,935420.1997616526,1000000.0
100175085.63808452,102848727.5205109,100009818.561472,100191001.55337007,953377.0111089039,1118863.4462420787,945110.0888171991,1000000.0
100198439.5360931,102913484.17516969,100030522.26004714,100214525.1292985,968065.6730267691,1119118.1839551004,959408.4976864338,1000000.0
100203985.37947804,102890726.36963771,100039051.80929694,100225153.59184378,954266.3738492584,1103738.4553146083,944622.9470044287,1000000.0
100223721.90175532,102696400.16450666,100060652.36143012,100250760.6251469,947044.6676665508,1095613.9694501166,936056.5020687397,1000000.0
100250180.10421409,102691453.7333033,100083566.9127152,100276655.8020752,966275.183167719,1116893.2592462953,954978.733721843,1000000.0
100279238.85125214,102928151.95101045,100111536.4077215,100309007.59896222,973985.7152501844,1125342.3082456964,961657.5178863606,1000000.0
100264123.95400672,103435062.66776966,100098732.88141468,100294614.84027025,961626.7256493983,1111658.127801315,949403.668830663,1000000.0
100242001.91498893,103591136.28341363,100080658.17468047,100274476.98608316,940359.1065186862,1088092.6123632998,928125.6061428224,1000000.0
100265635.39842835,103502595.19805358,100098219.09537362,100293550.24844235,971446.8495008392,1122578.4099604227,959656.9954337551,1000000.0
100271819.52886397,104093487.92518876,100107461.138331,100305026.28374608,957347.3789573414,1106861.8042650719,944524.3405162093,1000000.0
100274684.32565825,104310224.4487903,100109817.18287705,100307655.58775097,960027.9590678508,1109831.6682134797,947202.4702862507,1000000.0
100298822.94929825,104067395.15931581,100127623.80518977,100326955.59076844,992400.4793447956,1145744.7960572331,980060.1828849184,1000000.0
100272432.35546662,104040011.7785785,100100428.635925,100295070.88876091,993980.8106763649,1147621.9088747154,983021.1732530162,1000000.0
100302575.20831805,104188121.37444948,100129307.1765545,100328442.04736407,1001659.4770564281,1157101.8467142042,990625.5470765341,1000000.0
100313296.86019291,104276519.39665101,100141580.86724925,100343797.07993375,991701.8690262763,1147178.4515815934,980764.2807965012,1000000.0
100333576.91388203,104191974.16785692,100159320.52655964,100362612.78104164,1010107.655965018,1167428.9433125881,998991.9882486206,1000000.0
100374457.99178748,104390502.94337724,100195487.13031541,100401372.48372295,1044445.9485927591,1205353.7025109048,1032998.0513692517,1000000.0
100404504.97055653,104635137.0537555,100225692.45104139,100436577.12326093,1045042.719195117,1207408.6893901129,1033589.0481026166,1000000.0
100406316.79104482,104659373.83375047,100228161.08183691,100439899.80115478,1040993.8310038155,1203254.3163054301,1029265.5007515944,1000000.0
100361103.58137697,104657783.95980714,100187608.00807977,100396005.9335351,1006671.8213060214,1165139.840768179,995386.4335187363,1000000.0
100344541.92490213,105187174.59788392,100172588.88597137,100379622.65264487,995157.268338424,1152286.3031210809,984084.2240153081,1000000.0
100329649.38270721,104803374.84984468,100158149.4116758,100363159.10796195,990809.0693078116,1147019.131072088,980211.4249170746,1000000.0
100316956.786289,104251425.76781343,100144487.91635062,100346615.69695301,989934.3009897574,1151656.8372072463,986036.6411858769,1000000.0
100284393.8315054,103532529.84468721,100114292.66552044,100313170.40270975,989487.5526506354,1130864.904359097,968294.4418947803,1000000.0
100285261.56630032,103950424.65805314,100113912.31522717,100311864.99178696,989487.5526506354,1130864.904359097,968294.4418947803,1000000.0
100288507.82785895,103585813.46217988,100149467.01963548,100350440.31042375,989487.5526506354,1130864.904359097,968294.4418947803,1000000.0
100283927.82661162,104703683.43904756,100110578.3821445,100305421.97066109,989487.5526506354,1130864.904359097,968294.4418947803,1000000.0
100256630.58731169,104905980.54784463,100073068.25273001,100263919.37146954,989487.5526506354,1130864.904359097,968294.4418947803,1000000.0
100256630.58731169,104871255.0749018,100062775.687708,100251038.4853691,989487.5526506354,1130864.904359097,968294.4418947803,1000000.0
100275467.8102411,105734590.39736071,100076389.31205076,100265338.90314476,989487.5526506354,1130864.904359097,968294.4418947803,996108.769164469
100266120.94046625,105917442.2488829,100083925.99100296,100274928.72044004,989487.5526506354,1122151.6288853234,968294.4418947803,1012248.2781141426
100266120.94046625,106847311.65233313,100070435.36882113,100261537.01414856,989487.5526506354,1096160.1721544154,968294.4418947803,1024628.393792637
100266120.94046625,106981189.06663568,100100006.49235493,100293308.0308281,989487.5526506354,1096160.1721544154,968294.4418947803,1023918.7637486828
100266120.94046625,107384889.86515583,100103310.19974734,100296875.94793934,989487.5526506354,1096160.1721544154,968294.4418947803,1024041.0856193803
100266120.94046625,107082690.90676297,100123809.08081894,100318694.58090086,989487.5526506354,1096160.1721544154,968294.4418947803,1021304.9613568564
100277181.69872749,107171497.14185074,100103097.00674976,100293550.09795079,989487.5526506354,1096160.1721544154,968294.4418947803,990182.0651071925
100269107.63632336,106878824.47637266,100078408.22288917,100265428.81457397,989487.5526506354,1088870.88743179,968294.4418947803,973323.9019220574
100268918.53500621,107394907.58067264,100040318.34161066,100220975.15863729,989487.5526506354,1088700.1662665037,968294.4418947803,935635.0894956596
100276412.058782,107431433.71169646,100027497.09377918,100205353.84487431,989487.5526506354,1095465.3391922866,968294.4418947803,915676.2549190875
100271262.16407332,107315200.0960642,100001149.65490295,100175041.4727841,989487.5526506354,1090816.000737342,968294.4418947803,894302.0998271046
100316085.26507658,107214393.98178075,100044075.05753338,100221254.43738438,989487.5526506354,1131282.4139269358,968294.4418947803,894302.0998271046
100321394.91081676,107171006.82568777,100049169.40457928,100226728.72330254,989487.5526506354,1136075.9760322631,972388.2832436498,894302.0998271046
100340094.32120074,107257374.05517846,100067110.58007589,100246007.9603651,1004161.6278237553,1152957.8527891808,986805.8966166315,894302.0998271046
100348319.64865568,106976448.25508209,100075002.38202879,100254488.33673337,1010616.3272457602,1160383.6999965631,993147.7859423553,894302.0998271046
100329091.75661644,106923790.66451757,100056554.15406746,100234664.23098749,995527.5342084061,1143024.7086146832,978322.7028137087,894302.0998271046
100300526.74322332,106916987.97279714,100029147.41193894,100205213.48074497,973111.5785582312,1117236.1395764123,956298.5153853834,894302.0998271046
100301779.93602078,106656617.328777,100030349.78952459,100206505.53223382,974095.0023635115,1118367.5253220005,957264.751692547,894302.0998271046
100269219.23244165,106754823.67583124,99999109.37684786,100172935.19443518,948543.4901928796,1088971.636700164,932159.8085036208,894302.0998271046
100272724.86760482,106781094.51646838,100002472.86341767,100176549.53146388,948543.4901928796,1088971.636700164,932159.8085036208,894302.0998271046
100240832.02369897,107011385.84593154,99971873.22964036,100176549.53146388,948543.4901928796,1060254.7647276882,932159.8085036208,894302.0998271046
100240832.02369897,107316387.14416574,99981906.41943079,100176549.53146388,948543.4901928796,1060254.7647276882,932159.8085036208,894302.0998271046
100240832.02369897,107437756.24033977,99978733.28913078,100176549.53146388,948543.4901928796,1060254.7647276882,932159.8085036208,894302.0998271046
100240832.02369897,107498251.59848084,99968755.78945638,100176549.53146388,948543.4901928796,1060254.7647276882,932159.8085036208,894302.0998271046
100240832.02369897,107648096.06978688,99919076.85477322,100176549.53146388,948543.4901928796,1060254.7647276882,932159.8085036208,894302.0998271046
100240832.02369897,107625307.66686915,99909398.73069328,100176549.53146388,948543.4901928796,1060254.7647276882,932159.8085036208,894302.0998271046
100240832.02369897,108116979.8678905,99909398.73069328,100176549.53146388,948543.4901928796,1060254.7647276882,932159.8085036208,894302.0998271046
100240832.02369897,108107255.13907547,99909398.73069328,100176549.53146388,948543.4901928796,1060254.7647276882,932159.8085036208,894302.0998271046
100240832.02369897,108147369.10236056,99909398.73069328,100176549.53146388,948543.4901928796,1060254.7647276882,932159.8085036208,894302.0998271046
100240832.02369897,108189216.8871539,99909398.73069328,100176549.53146388,948543.4901928796,1060254.7647276882,932159.8085036208,894302.0998271046
100240832.02369897,108020260.1634486,99909398.73069328,100176549.53146388,948543.4901928796,1060254.7647276882,932159.8085036208,894302.0998271046
100240832.02369897,108128367.24961042,99909398.73069328,100176549.53146388,948543.4901928796,1060254.7647276882,932159.8085036208,894302.0998271046
100240832.02369897,108228770.46584648,99909398.73069328,100176549.53146388,948543.4901928796,1060254.7647276882,932159.8085036208,894302.0998271046
100240832.02369897,108271914.10053304,99909398.73069328,100176549.53146388,948543.4901928796,1060254.7647276882,932159.8085036208,894302.0998271046
100240832.02369897,108339653.80942479,99909398.73069328,100176549.53146388,948543.4901928796,1060254.7647276882,932159.8085036208,894302.0998271046
100240832.02369897,108348778.71355268,99909398.73069328,100176549.53146388,948543.4901928796,1060254.7647276882,932159.8085036208,894302.0998271046
100240832.02369897,108267405.46907584,99909398.73069328,100151711.43970104,948543.4901928796,1060254.7647276882,932159.8085036208,894302.0998271046
100240832.02369897,108399090.82523635,99909398.73069328,100133746.08672743,948543.4901928796,1060254.7647276882,932159.8085036208,894302.0998271046
100240832.02369897,108176514.66454133,99909398.73069328,100130090.37327345,948543.4901928796,1060254.7647276882,932159.8085036208,894302.0998271046
100240832.02369897,108242503.68431605,99909398.73069328,100116988.47127537,948543.4901928796,1060254.7647276882,932159.8085036208,894302.0998271046
100240832.02369897,108402192.33460918,99909398.73069328,100079504.37719235,948543.4901928796,1060254.7647276882,932159.8085036208,894302.0998271046
100240832.02369897,108269215.16936088,99909398.73069328,100079504.37719235,948543.4901928796,1060254.7647276882,932159.8085036208,894302.0998271046
100240832.02369897,108481119.4440885,99909398.73069328,100079504.37719235,948543.4901928796,1060254.7647276882,932159.8085036208,894302.0998271046
100240832.02369897,108666988.67199677,99909398.73069328,100079504.37719235,948543.4901928796,1060254.7647276882,932159.8085036208,894302.0998271046
100240832.02369897,108856482.80992451,99909398.73069328,100079504.37719235,948543.4901928796,1060254.7647276882,932159.8085036208,894302.0998271046
100240832.02369897,109042992.97535315,99909398.73069328,100079504.37719235,948543.4901928796,1060254.7647276882,932159.8085036208,894302.0998271046
100240832.02369897,108861060.59481297,99909398.73069328,100079504.37719235,948543.4901928796,1060254.7647276882,932159.8085036208,894302.0998271046
100240832.02369897,108910927.60130678,99909398.73069328,100079504.37719235,948543.4901928796,1060254.7647276882,932159.8085036208,894302.0998271046
100240832.02369897,108535900.99059305,99909398.73069328,100079504.37719235,948543.4901928796,1060254.7647276882,932159.8085036208,894302.0998271046
100240832.02369897,108622787.91694899,99909398.73069328,100079504.37719235,948543.4901928796,1060254.7647276882,932159.8085036208,894302.0998271046
100240832.02369897,108557190.29893927,99909398.73069328,100079504.37719235,948543.4901928796,1060254.7647276882,932159.8085036208,894302.0998271046
100240832.02369897,108658644.57040524,99909398.73069328,100079504.37719235,948543.4901928796,1060254.7647276882,932159.8085036208,894302.0998271046
100240832.02369897,108451669.62249573,99909398.73069328,100079504.37719235,948543.4901928796,1060254.7647276882,932159.8085036208,894302.0998271046
100240832.02369897,108441929.76654015,99909398.73069328,100079504.37719235,948543.4901928796,1060254.7647276882,932159.8085036208,894302.0998271046
100240832.02369897,108014619.35709494,99909398.73069328,100079504.37719235,948543.4901928796,1060254.7647276882,932159.8085036208,894302.0998271046
100240832.02369897,107906336.29438326,99909398.73069328,100079504.37719235,948543.4901928796,1060254.7647276882,932159.8085036208,894302.0998271046
100240832.02369897,107723797.17270002,99909398.73069328,100079504.37719235,948543.4901928796,1060254.7647276882,932159.8085036208,894302.0998271046
100271216.04500514,107692308.84208459,99909398.73069328,100079504.37719235,948543.4901928796,1060254.7647276882,932159.8085036208,894302.0998271046
100258011.28963596,107738774.70392668,99909398.73069328,100079504.37719235,948543.4901928796,1060254.7647276882,932159.8085036208,894302.0998271046
100259007.56177081,108144429.85333127,99909398.73069328,100079504.37719235,948543.4901928796,1060254.7647276882,932159.8085036208,894302.0998271046
100220410.61269596,108305111.42735872,99909398.73069328,100079504.37719235,948543.4901928796,1026053.1977538834,932159.8085036208,894302.0998271046
100196310.865707,108435625.2984588,99909398.73069328,100079504.37719235,948543.4901928796,1004697.9059380417,932159.8085036208,894302.0998271046
100202217.74792354,108893098.6502707,99909398.73069328,100079504.37719235,948543.4901928796,1004697.9059380417,932159.8085036208,894302.0998271046
100221035.2529885,108855037.5558869,99909398.73069328,100079504.37719235,948543.4901928796,1021324.6592694673,932159.8085036208,894302.0998271046
100221035.2529885,108460028.63844785,99909398.73069328,100079504.37719235,948543.4901928796,1021324.6592694673,932159.8085036208,894302.0998271046
100221035.2529885,108551695.4013253,99909398.73069328,100112608.60501088,948543.4901928796,1021324.6592694673,932159.8085036208,894302.0998271046
100226350.1859854,108259501.63069068,99909398.73069328,100117253.61182983,948543.4901928796,1021324.6592694673,932159.8085036208,894302.0998271046
100201176.26305385,108150265.39057484,99909398.73069328,100095252.7618201,948543.4901928796,1021324.6592694673,932159.8085036208,894302.0998271046
100211697.22839463,108379509.46126956,99909398.73069328,100104447.6012994,958118.0088607455,1031633.7746282297,932159.8085036208,894302.0998271046
100195566.55664763,108247487.81303465,99909398.73069328,100089666.77656052,943438.4226474636,1015827.9098175495,932159.8085036208,894302.0998271046
100190054.39924856,108380743.23919667,99909398.73069328,100084615.88756303,938422.1287801025,1010426.7451276064,932159.8085036208,894302.0998271046
100189436.67923254,108804968.40168075,99909398.73069328,100084049.85959858,938422.1287801025,1009821.4635114978,932159.8085036208,894302.0998271046
100215505.85677542,109190264.64750546,99909398.73069328,100107937.51600815,938422.1287801025,1035365.712531674,932159.8085036208,894302.0998271046
100206051.64316356,109540511.39811274,99909398.73069328,100099274.44997889,938422.1287801025,1026101.8688068832,932159.8085036208,894302.0998271046
100192748.66783506,109657239.26215503,99909398.73069328,100087084.69434313,938422.1287801025,1013066.7619669468,932159.8085036208,894302.0998271046
100183039.67763299,109704604.58741997,99909398.73069328,100078188.1719404,938422.1287801025,1003553.2718290914,932159.8085036208,894302.0998271046
100180297.99571402,109779973.84555583,99909398.73069328,100075675.91947073,938422.1287801025,1000866.7963713576,932159.8085036208,894302.0998271046
100160735.92212525,109572847.54082808,99909398.73069328,100057750.8394877,938422.1287801025,981698.6243689773,932159.8085036208,894302.0998271046
100162555.70349681,109451868.9731862,99909398.73069328,100059418.3378993,938422.1287801025,981698.6243689773,932159.8085036208,894302.0998271046
100162555.70349681,109330744.97066978,99909398.73069328,100102127.98748301,938422.1287801025,981698.6243689773,932159.8085036208,894302.0998271046
100162555.70349681,109204539.20387419,99909398.73069328,100095531.5504413,938422.1287801025,981698.6243689773,932159.8085036208,894302.0998271046
100162555.70349681,109143331.98525867,99909398.73069328,100093843.95308356,938422.1287801025,981698.6243689773,932159.8085036208,894302.0998271046
100162555.70349681,109111402.6020036,99909398.73069328,100090024.94233406,938422.1287801025,981698.6243689773,932159.8085036208,894302.0998271046
100180031.17987157,108904547.32971486,99909398.73069328,100106547.89679092,938422.1287801025,981698.6243689773,932159.8085036208,894302.0998271046
100185567.96402796,108716092.24488027,99909398.73069328,100111782.89184867,938422.1287801025,981698.6243689773,932159.8085036208,894302.0998271046
100163766.8827347,108557745.33781368,99909398.73069328,100091170.10478671,938422.1287801025,981698.6243689773,932159.8085036208,894302.0998271046
100170436.40060005,108458673.74254645,99909398.73069328,100097476.09253636,938422.1287801025,988206.1733708916,932159.8085036208,894302.0998271046
100130136.96234122,107867358.79028727,99909398.73069328,100059373.22376709,938422.1287801025,948885.4046866245,932159.8085036208,894302.0998271046
100142115.04829872,107678665.82645585,99909398.73069328,100070698.42970207,938422.1287801025,948885.4046866245,932159.8085036208,894302.0998271046
100142115.04829872,106152219.34050158,99909398.73069328,100085769.59384307,938422.1287801025,948885.4046866245,932159.8085036208,894302.0998271046
100142115.04829872,105739438.66312195,99909398.73069328,100088492.08715358,938422.1287801025,948885.4046866245,932159.8085036208,894302.0998271046
100142115.04829872,106547357.92294402,99909398.73069328,100076994.57900634,938422.1287801025,948885.4046866245,932159.8085036208,894302.0998271046
100142115.04829872,106731574.18828455,99909398.73069328,100062013.08513643,938422.1287801025,948885.4046866245,932159.8085036208,894302.0998271046
100142115.04829872,107231442.31248029,99909398.73069328,100050289.1518892,938422.1287801025,948885.4046866245,932159.8085036208,894302.0998271046
100142115.04829872,107265850.71186236,99909398.73069328,100047774.15264165,938422.1287801025,948885.4046866245,932159.8085036208,894302.0998271046
100142115.04829872,106991603.4994044,99909398.73069328,100010701.70424186,938422.1287801025,948885.4046866245,932159.8085036208,894302.0998271046
100142115.04829872,106385906.52105205,99909398.73069328,100022247.2723625,938422.1287801025,948885.4046866245,932159.8085036208,894302.0998271046
100142115.04829872,106703418.81823286,99909398.73069328,100023290.21243834,938422.1287801025,948885.4046866245,932159.8085036208,894302.0998271046
100142115.04829872,106670978.29707912,99909398.73069328,100054090.74304256,938422.1287801025,948885.4046866245,932159.8085036208,894302.0998271046
100142115.04829872,107175057.72588882,99909398.73069328,100042691.19812241,938422.1287801025,948885.4046866245,932159.8085036208,894302.0998271046
100142115.04829872,106594214.931629,99909398.73069328,100015792.90550856,938422.1287801025,948885.4046866245,932159.8085036208,894302.0998271046
100142115.04829872,106360710.19230627,99909398.73069328,100005306.02306049,938422.1287801025,948885.4046866245,932159.8085036208,894302.0998271046
100142115.04829872,106570228.69037282,99909398.73069328,99996766.59646866,938422.1287801025,948885.4046866245,932159.8085036208,894302.0998271046
100142115.04829872,105210663.59505394,99909398.73069328,99989601.57603502,938422.1287801025,948885.4046866245,932159.8085036208,894302.0998271046
100142115.04829872,105922229.39820074,99909398.73069328,99986524.69843882,938422.1287801025,948885.4046866245,932159.8085036208,894302.0998271046
100142115.04829872,106329501.95304193,99909398.73069328,99986524.69843882,938422.1287801025,948885.4046866245,932159.8085036208,894302.0998271046
100142115.04829872,106987070.43551992,99909398.73069328,99986524.69843882,938422.1287801025,948885.4046866245,932159.8085036208,894302.0998271046
100142115.04829872,107706526.51922259,99909398.73069328,99986524.69843882,938422.1287801025,948885.4046866245,932159.8085036208,894302.0998271046
100142115.04829872,108162026.54452255,99909398.73069328,99986524.69843882,938422.1287801025,948885.4046866245,932159.8085036208,894302.0998271046
100142115.04829872,108982206.64900059,99909398.73069328,99986524.69843882,938422.1287801025,948885.4046866245,932159.8085036208,894302.0998271046
100142115.04829872,108800360.12624633,99909398.73069328,99986524.69843882,938422.1287801025,948885.4046866245,932159.8085036208,894302.0998271046
100142115.04829872,109294025.90558286,99909398.73069328,99986524.69843882,938422.1287801025,948885.4046866245,932159.8085036208,894302.0998271046
100127813.11058073,109438097.02969325,99909398.73069328,99986524.69843882,938422.1287801025,948885.4046866245,932159.8085036208,894302.0998271046
100133927.67749824,110324643.74498165,99909398.73069328,99986524.69843882,938422.1287801025,948885.4046866245,932159.8085036208,894302.0998271046
100106927.73443091,109869879.92945522,99909398.73069328,99986524.69843882,938422.1287801025,948885.4046866245,932159.8085036208,894302.0998271046
100074698.82275417,109822437.9108295,99909398.73069328,99986524.69843882,938422.1287801025,921591.5451103909,932159.8085036208,894302.0998271046
100074698.82275417,110046657.36700678,99909398.73069328,99986524.69843882,938422.1287801025,921591.5451103909,932159.8085036208,894302.0998271046
100074698.82275417,109952724.13833986,99909398.73069328,99986524.69843882,938422.1287801025,921591.5451103909,932159.8085036208,894302.0998271046
100074698.82275417,109854971.42986451,99909398.73069328,99986524.69843882,938422.1287801025,921591.5451103909,932159.8085036208,894302.0998271046
100068409.47821003,109810949.833238,99909398.73069328,99986524.69843882,932427.5487804704,915704.0111821808,932159.8085036208,901175.8041416348
100112976.9999637,109971893.25512879,99909398.73069328,99986524.69843882,974906.311497814,957424.2245652862,932159.8085036208,880543.7612216773
100102917.38818133,109939981.20354106,99909398.73069328,99986524.69843882,965318.1664738825,948007.296416782,932159.8085036208,882038.2013050896
100116177.96249826,109826768.63572134,99909398.73069328,99986524.69843882,977957.2535879903,960420.6855467092,932159.8085036208,889835.4851800753
100125658.18057464,110054325.0972688,99909398.73069328,99986524.69843882,986993.1595196946,969295.2360153474,932159.8085036208,904408.9499571604
100132250.11597799,110280056.20722687,99909398.73069328,99986524.69843882,993276.1487645239,975466.0290236619,932159.8085036208,896391.1137224189
100143345.60678726,110062419.96940462,99909398.73069328,99995033.79585522,1003851.6239709931,985852.656458587,932159.8085036208,872389.0550110764
100128494.8160894,110322062.29832484,99909398.73069328,99983644.77062589,989696.8496107247,971950.6459261805,932159.8085036208,859994.3465016835
100137715.4950985,110245044.09629819,99909398.73069328,99990716.08069971,998485.3803682856,980582.2386344993,932159.8085036208,859994.3465016835
100124615.11573982,110495727.1647792,99909398.73069328,99980669.44048607,985998.9803086022,968318.8100044531,932159.8085036208,859994.3465016835
100137664.91188979,110768916.98432925,99909398.73069328,99990677.28859419,998437.1678575699,980534.8870614748,932159.8085036208,859994.3465016835
100145405.12833928,110970092.63612616,99909398.73069328,99996613.23653238,1005814.6213259496,987780.6002893478,932159.8085036208,859994.3465016835
100154427.90028712,110540382.48910241,99909398.73069328,100003532.77229604,1014414.5203902014,996226.9297274523,932159.8085036208,859994.3465016835
100147224.5028041,110542085.71580696,99909398.73069328,99998008.50915475,1007548.7266372555,989483.7394343804,932159.8085036208,859994.3465016835
100191647.52138476,110490850.477878,99909398.73069328,100032076.38403568,1049889.7586539611,1031068.6815936449,932159.8085036208,859994.3465016835
100182335.85162604,110397040.92786491,99909398.73069328,100024935.29343878,1041014.5016367666,1031068.6815936449,932159.8085036208,859994.3465016835
100183488.15120645,110205039.23495317,99909398.73069328,100025818.9884056,1042112.7960567712,1031068.6815936449,932159.8085036208,859994.3465016835
100208205.32075353,110838847.51881987,99924537.31616765,100050003.54296724,1050088.9805446994,1042721.7025127236,946132.7451700203,859994.3465016835
100152818.10322052,110005027.46016636,99902732.3110336,99999995.56919917,1019742.0974409464,1016659.3042302886,926006.6933493809,859994.3465016835
100103998.44829264,109328758.72688833,99871416.96642391,99951739.26284257,1005444.2244690122,993637.2030133056,897102.5842000757,859994.3465016835
100116630.7835994,109829868.66612758,99867284.3698177,99959999.51717094,1005444.2244690122,999543.6483393784,893288.1914522232,859994.3465016835
100175507.10077345,109104646.0799412,99902246.05375719,100017227.73228851,1005444.2244690122,1009447.1156165625,893288.1914522232,859994.3465016835
100202594.52288614,109397383.48648116,99911976.11357963,100041361.86188236,1005444.2244690122,1017221.5820199202,893288.1914522232,859994.3465016835
100231676.23043564,108087672.4388919,99926480.3963866,100068674.4719496,1005444.2244690122,1023513.5148817375,893288.1914522232,859994.3465016835
100253734.9199844,107929405.67754443,99923026.424855,100084398.17261927,1005444.2244690122,1035606.3768155274,893288.1914522232,859994.3465016835
100281764.32637274,108547126.99695642,99948603.30723967,100114728.3739703,1005444.2244690122,1035797.6391139603,893288.1914522232,859994.3465016835
100292274.3423581,107444603.06475319,99955625.29206303,100120568.52700222,1009940.9167754243,1040807.868968548,907297.4241782309,859994.3465016835
100338074.6136555,108817125.30535378,99997728.82044426,100172040.21315499,1030202.5839539405,1061816.4345066077,908881.5352099831,859994.3465016835
100316619.35503629,109489613.73566307,99977481.48693746,100146743.22362766,1020680.6201462711,1052012.478745568,910847.2984722877,859994.3465016835
100333559.28254429,108863503.93582405,99990197.88773878,100159319.7349947,1028009.316007325,1059987.6318405934,926198.1413886043,859994.3465016835
100329209.4937356,109754787.36397423,99988986.59085515,100160736.6924629,1026246.4094748903,1057792.5057701776,911638.560836391,859994.3465016835
100303820.0551882,109648467.89535011,99964411.37903684,100129409.45312548,1014942.811898771,1046234.9453456033,917144.9381875586,859994.3465016835
100303891.95976573,109610454.37209572,99964665.25528234,100129915.02815658,1014985.4950441818,1046254.4628946827,916176.742967769,859994.3465016835
100316446.86036022,110867442.39415611,99973221.32928023,100137271.17583425,1023916.20910085,1052227.4731631293,932043.9832264065,859994.3465016835
100286519.32526039,110957721.81845726,99949850.66531733,100113005.73701538,1011284.3976108102,1038202.760598626,909600.9863347277,859994.3465016835
100278078.61799225,110399686.18068565,99942152.73972672,100103658.9302788,1010941.1600733034,1034326.6019743185,908991.1546416685,859994.3465016835
100298600.57579106,110134278.2495562,99959862.97052372,100124108.68448566,1014702.072152477,1043822.8607513577,915673.1842277913,859994.3465016835
100321271.46978998,108887948.85476173,99980756.60406008,100149705.90332997,1014990.3454941995,1054218.2180493553,916185.3607843632,859994.3465016835
100306734.97830164,109389783.74365868,99968167.74141836,100135120.96647081,1012454.440402556,1047494.8099504795,911679.8066811988,859994.3465016835
100306499.854157,109442799.87655129,99970252.60852635,100140061.84710923,1005754.9910862783,1047221.956898004,899776.8646289259,859994.3465016835
100300807.85795294,110028797.11908592,99963081.32443163,100129279.45172599,1011284.9351083941,1044750.0624410488,899776.8646289259,859994.3465016835
100291508.02661449,107095440.92883171,99955632.02061626,100121316.10465495,1007903.7085603334,1040405.3619314337,899776.8646289259,859994.3465016835
100281529.94703895,104060571.5979258,99946847.42613727,100110980.39001606,1006580.2451181216,1037230.0811558077,899776.8646289259,859994.3465016835
100289570.77723587,103761977.1989428,99967057.99269211,100133308.92358267,1013714.671256427,1037230.0811558077,899776.8646289259,859994.3465016835
100305322.03034192,102632874.00743736,99983061.8202188,100152712.62932734,1014507.5035339161,1051658.000099918,899776.8646289259,859994.3465016835
100305322.03034192,108991975.30038323,99963181.66251034,100126889.19805342,1018371.1840358854,1025154.0142829731,899776.8646289259,859994.3465016835
100305322.03034192,105853409.72909035,99991602.21945262,100158173.47566956,1028726.8782397883,1025154.0142829731,899776.8646289259,859994.3465016835
100285753.05248876,106970824.07659782,99970614.01175168,100135535.10506697,1019769.4267387297,1007849.8466104734,899776.8646289259,859994.3465016835
100302545.20227855,107736390.06100716,99956718.74615026,100115717.16649525,1027455.820400638,1022698.5616391599,899776.8646289259,859994.3465016835
100310112.4047971,107659406.14118828,99968604.39931466,100129108.00084376,1030919.6114104295,1029389.9760898933,899776.8646289259,859994.3465016835
100330008.41661721,106498603.33219399,100006584.46909484,100172593.51098837,1040026.7585634554,1046983.3285446024,899776.8646289259,859994.3465016835
100354371.31858717,107367568.44490494,100045893.52690205,100215850.5243754,1051178.5680477521,1068526.5968665392,918266.0578534587,859994.3465016835
100371981.80984852,105976798.44852127,100046431.7531591,100212830.6137503,1059239.5471426735,1084098.9428453648,931630.7947846978,859994.3465016835
100378814.75129354,107711356.95886482,100029295.2713725,100190323.88271801,1062367.2394556145,1090141.0757226371,936816.3664717216,859994.3465016835
100380892.21269196,108758344.60795464,99996732.26241194,100149836.55459397,1063318.1710710167,1091978.1027069367,938392.9678658939,859994.3465016835
100387003.44175011,110010679.04678597,100001969.32346436,100146084.1714735,1066115.5086893062,1097382.0503786327,943030.8264853082,859994.3465016835
100397365.96853113,110343176.1433474,100010849.56422989,100138858.2469313,1070858.8239388776,1106545.2730198498,950895.0275638589,859994.3465016835
100410763.60476671,110575580.19340385,100022330.76355273,100150179.16243961,1076991.4220597195,1118392.3375714764,961062.5964937548,859994.3465016835
100397854.60177794,110918853.13189186,100011268.30195376,100139271.1388478,1071082.489612322,1106977.3544344588,951265.8550838084,859994.3465016835
100403389.20447117,110691728.1178355,100016011.21895614,100143947.84213786,1073615.8838230046,1111871.4114323682,955466.1075308378,859994.3465016835
100415346.58038348,110825772.83750708,100026258.17698762,100154051.74703749,1079089.221041643,1122444.9037865559,964540.6518512847,859994.3465016835
100391310.23691806,111393542.79725027,100005660.06210634,100133741.19309233,1068086.8895724285,1101190.399811937,946299.286381303,859994.3465016835
100405845.33083381,111049916.12785567,100018116.01384948,100146023.25294468,1074740.1445247598,1114043.2786971224,957330.0806715887,859994.3465016835
100437973.54121193,110803821.88438708,100045648.5114297,100173171.38181816,1089446.4254780775,1142453.139629668,981712.4260248735,859994.3465016835
100442079.11981925,110968632.52208051,100049166.81611398,100176640.56904706,1089446.4254780775,1146063.2726001006,984828.1811291983,859994.3465016835
100461312.9392786,111140910.88113175,100065649.3740122,100192893.02143288,1089446.4254780775,1162976.0277605944,999424.8742845727,859994.3465016835
100492343.19094297,111000240.41016828,100092240.96809128,100219113.38233212,1089446.4254780775,1190261.6664802881,1022973.9703461126,859994.3465016835
100470160.74012868,111767260.4182635,100073231.55965614,100200369.35562323,1089446.4254780775,1170756.1096004136,1006139.5382326923,859994.3465016835
100461149.8007994,111241719.73497255,100065509.57133625,100192741.10919493,1082082.999893528,1162832.5762136022,999301.067241058,859994.3465016835
100475159.7856078,110886864.95723075,100077515.52710834,100204601.31740075,1093531.4712246053,1175151.889253186,1009933.3522009827,859994.3465016835
100465208.75445418,111342326.37819847,100068987.92043704,100196177.23250996,1085399.835363823,1166401.7107537254,1002381.438311179,859994.3465016835
100496367.92085603,111704407.46511367,100095689.98891404,100222555.14841062,1110862.0202362884,1193800.7072698951,1026028.3687560721,859994.3465016835
100471323.34789295,111786925.98611741,100074227.86461928,100201353.56583719,1090396.468025627,1171778.4182742725,1007021.8501848723,859994.3465016835
100496429.55615897,111698062.35838978,100095742.80772373,100222607.32602079,1110912.386457843,1193854.9046585255,1026075.1442603676,859994.3465016835
100483697.49606849,111261502.66492017,100084831.97859547,100211828.95005342,1100508.190669987,1182659.3012343554,1016412.6861734915,859994.3465016835
100465112.15016156,111116264.12862392,100068905.13470381,100196095.4517629,1085320.893702601,1166316.7643003229,1002308.124572336,859994.3465016835
100511112.16738957,111131219.07430385,100108325.1754753,100235036.94879207,1122910.504659801,1206765.6741177298,1037217.8905726889,859994.3465016835
100529092.2849514,111392558.68603271,100123733.36464727,100250258.0886266,1137603.2301160432,1222576.019365201,1037217.8905726889,859994.3465016835
100537585.91582972,111122263.55894317,100131012.04182388,100257448.405534,1144543.9292629045,1230044.6711206236,1037217.8905726889,859994.3465016835
100495282.8134318,111292388.28552297,100094760.09841655,100221636.5464169,1109975.3082656912,1192846.546489313,1037217.8905726889,859994.3465016835
100463886.3730996,111418493.13464633,100067854.69636333,100195057.76532942,1084319.2314064512,1165238.909359749,1037217.8905726889,859994.3465016835
100432233.33082077,111523336.5478753,100040729.3974534,100168261.75684631,1058453.4683791257,1137405.636032127,1037217.8905726889,859994.3465016835
100446793.6995512,111643118.64584334,100053207.0086281,100180587.89474425,1058453.4683791257,1137405.636032127,1037217.8905726889,859994.3465016835
100446793.6995512,111501188.88228577,100099827.91428097,100180587.89474425,1058453.4683791257,1137405.636032127,1037217.8905726889,859994.3465016835
100446793.6995512,111472174.06012684,100065831.67423928,100180587.89474425,1058453.4683791257,1137405.636032127,1037217.8905726889,859994.3465016835
100446793.6995512,111830916.38955167,100069101.61282548,100180587.89474425,1058453.4683791257,1137405.636032127,1037217.8905726889,859994.3465016835
100446793.6995512,111952477.51748683,100046018.97139874,100180587.89474425,1058453.4683791257,1137405.636032127,1037217.8905726889,859994.3465016835
100446793.6995512,112484685.95398593,100041762.77169985,100180587.89474425,1058453.4683791257,1137405.636032127,1037217.8905726889,859994.3465016835
100446793.6995512,112608358.21864918,100050136.61127058,100180587.89474425,1058453.4683791257,1137405.636032127,1037217.8905726889,859994.3465016835
100459294.61966167,112748536.61817458,100066378.06989482,100180587.89474425,1058453.4683791257,1137405.636032127,1037217.8905726889,859994.3465016835
100461773.10379174,112551395.85698032,100096118.0804836,100180587.89474425,1058453.4683791257,1139837.8432592242,1037217.8905726889,859994.3465016835
100462437.32891135,112486431.55232185,100090662.37392129,100180587.89474425,1058453.4683791257,1140489.666329918,1037217.8905726889,859994.3465016835
100477821.09047483,112179286.4762073,100090552.04882383,100180587.89474425,1058453.4683791257,1155586.1906936509,1037217.8905726889,859994.3465016835
100512719.35336874,112175798.18299441,100072832.57082856,100180587.89474425,1058453.4683791257,1189832.8522696102,1037217.8905726889,859994.3465016835
100541697.96461703,112287511.39361529,100100960.28187072,100180587.89474425,1058453.4683791257,1186822.778640191,1037217.8905726889,859994.3465016835
100543745.180761,112955609.59036212,100081692.86878484,100180587.89474425,1058453.4683791257,1209437.7122537494,1037217.8905726889,859994.3465016835
100564752.06850423,113126918.70166735,100099280.35744894,100190169.37326977,1067442.472651597,1220198.6906453497,1046025.7562200223,859994.3465016835
100543953.46296737,112636183.88197665,100081833.23326617,100181065.91423559,1058901.9293591995,1209938.7857626597,1037657.314555683,859994.3465016835
100562832.20360906,112600713.55921511,100097643.9379434,100189620.94020584,1066927.9521481367,1219552.1655706705,1045521.6038879164,859994.3465016835
100576546.43675563,112910338.93277697,100108758.5733597,100200011.69071823,1076676.1867761482,1230835.5950713786,1055073.4005385372,859994.3465016835
100602842.0761354,113164976.87772326,100130979.97962967,100209685.28650415,1085751.6122042937,1241916.8356375147,1063965.9458572995,859994.3465016835
100609670.59253137,113542280.45572619,100134989.13175657,100232031.0458753,1106715.6133157879,1265216.3500345987,1084507.4985836754,859994.3465016835
100685572.5163014,113407434.0007091,100197842.6170458,100274459.81236076,1146520.7814010105,1312138.4715935325,1123510.5474127727,859994.3465016835
100656518.32352608,113533847.3695827,100175358.61455831,100240478.5969352,1114640.8069450432,1312488.7928704345,1092272.9905780843,859994.3465016835
100689741.42690663,113140496.15565829,100203934.84318475,100247062.58724014,1120817.6737848897,1313596.9953158482,1098325.3865496214,859994.3465016835
100720108.83084033,113108010.95927386,100228891.19844863,100266183.28895535,1138756.0398682305,1313997.3842500446,1115902.2742232224,859994.3465016835
100699739.98457864,113092147.56098895,100210264.40939395,100275002.66752753,1146662.61109854,1321431.8029721514,1123649.519081133,859994.3465016835
100681008.50582562,113209549.20288043,100195568.61734009,100254435.27811077,1128223.9503568416,1301271.3032613911,1105582.4182536248,859994.3465016835
100674503.90608785,113027949.30944781,100189770.46897216,100255482.42468253,1129162.7170613701,1301979.8532291907,1106502.267744964,859994.3465016835
100692472.26222858,113070188.65897326,100204493.84443016,100267831.80617183,1140233.9352425924,1314371.394618666,1117350.3883305946,859994.3465016835
100683689.72581545,112777305.15905719,100196772.65368102,100267979.00182594,1140365.8961188009,1314135.6423390396,1117479.6900455696,859994.3465016835
100683949.02546342,112923790.90757327,100196651.74007128,100272085.75662918,1144047.6010270873,1318012.7932007967,1121087.204426737,859994.3465016835
100668351.7679259,112869577.37613635,100182390.65600021,100278813.08333927,1150078.6481567177,1323681.125041055,1126996.7191205057,859994.3465016835
100671770.65451209,113001666.53234439,100183037.49476084,100306552.38631485,1174946.928054294,1351034.1449116052,1151363.8749899194,859994.3465016835
100653734.2334182,113195763.39521746,100174555.39762443,100289344.92820121,1159520.4450935533,1334066.308909447,1136248.2531467755,859994.3465016835
100651503.66291016,113448908.28538279,100182200.16031611,100287216.87583503,1157612.646547723,1331967.8906936303,1134378.898904136,859994.3465016835
100602019.86514574,113475494.57568316,100144043.61786604,100240007.37829101,1115289.3408835023,1285415.8080570817,1092908.4558225693,859994.3465016835
100609077.73639114,113376855.44151072,100135578.64832567,100246740.86622605,1121325.9115501323,1285415.8080570817,1092908.4558225693,859994.3465016835
100589013.04234415,113501506.64552264,100114843.10023098,100227598.35560383,1104164.654379592,1285415.8080570817,1092908.4558225693,859994.3465016835
100614418.65841454,113236192.69636089,100135971.62405977,100251836.3167884,1104164.654379592,1285415.8080570817,1092908.4558225693,859994.3465016835
100614418.65841454,113141984.458151,100127826.68109521,100232791.18730164,1104164.654379592,1285415.8080570817,1092908.4558225693,859994.3465016835
100614418.65841454,113019253.4277543,100156555.75900133,100220022.95799887,1104164.654379592,1285415.8080570817,1092908.4558225693,859994.3465016835
100614418.65841454,112651844.58017993,100128023.55556953,100199007.84126718,1104164.654379592,1285415.8080570817,1092908.4558225693,859994.3465016835
100614418.65841454,112463132.67426497,100078997.4810955,100197614.62640153,1104164.654379592,1285415.8080570817,1092908.4558225693,859994.3465016835
100614418.65841454,112806086.22125696,100082228.56535318,100197822.77104557,1104164.654379592,1285415.8080570817,1092908.4558225693,859994.3465016835
100614418.65841454,112807360.42048328,100067891.58267727,100190034.24235845,1104164.654379592,1285415.8080570817,1092908.4558225693,859994.3465016835
100614418.65841454,113240162.58955212,100077361.26737803,100192540.4645357,1104164.654379592,1285415.8080570817,1092908.4558225693,859994.3465016835
100614418.65841454,113179129.88588203,100081269.29748344,100199301.2666101,1104164.654379592,1285415.8080570817,1092908.4558225693,859994.3465016835
100614418.65841454,113232901.60757168,100073684.26866758,100203897.51665837,1104164.654379592,1285415.8080570817,1092908.4558225693,859994.3465016835
100614418.65841454,113194883.66509095,100077966.66905157,100215393.06810418,1104164.654379592,1285415.8080570817,1092908.4558225693,859994.3465016835
100614418.65841454,113480338.54171485,100077726.64732832,100178276.93777183,1104164.654379592,1285415.8080570817,1092908.4558225693,859994.3465016835
100614418.65841454,113958002.3681692,100102476.82506461,100163572.97618109,1104164.654379592,1285415.8080570817,1092908.4558225693,859994.3465016835
100614418.65841454,113893492.18635689,100091443.19965689,100145502.7696438,1104164.654379592,1285415.8080570817,1092908.4558225693,859994.3465016835
100606425.65392582,114236963.76265226,100087367.58297864,100149355.85897782,1104164.654379592,1285415.8080570817,1092908.4558225693,859994.3465016835
100609426.39177738,114226025.00544545,100054474.49475084,100109130.49754637,1106724.1316941292,1288395.7709304357,1092908.4558225693,859994.3465016835
100643912.53431132,114613467.1320296,100085942.74167672,100137160.63555166,1136139.0635702168,1322643.155900452,1092908.4558225693,859994.3465016835
100659519.86680885,114789506.82202515,100100210.20348074,100150464.25488907,1149451.327234674,1338142.4343097843,1105697.7377002086,859994.3465016835
100661362.53776327,114732806.33862731,100101894.68335351,100152034.9392418,1151023.032175032,1339972.3479189153,1107207.697089338,837212.3052311918
100608359.10016145,115335938.10156596,100053441.52701908,100106855.04975457,1105813.7860344627,1287335.8684838242,1063774.52847572,798929.9141138428
100616627.64369312,115128330.29671854,100061000.22604927,100113903.11870791,1112866.434629739,1295547.1664911814,1070550.1087333243,798929.9141138428
100626138.6355237,115176369.44407706,100069694.71068865,100122010.24494843,1120978.8286585938,1304992.310967634,1078343.8015681887,798929.9141138428
100598459.04797897,115282408.72646275,100044391.38239035,100098416.29023707,1097369.5432424208,1277504.3572330894,1055662.023793365,798929.9141138428
100596444.41386281,115237077.17004523,100042549.70218614,100096699.02526629,1097369.5432424208,1275503.671013065,1054011.1508081302,798929.9141138428
100592397.27475792,115205787.32516089,100038850.00509799,100093249.26227409,1097369.5432424208,1271484.551425653,1050694.7607191307,798929.9141138428
100599545.8193132,115072062.09094802,100045384.85571471,100099342.64918661,1097369.5432424208,1271484.551425653,1050694.7607191307,798929.9141138428
100585706.95880081,115002097.97917661,100032734.04470628,100087546.46733749,1097369.5432424208,1271484.551425653,1050694.7607191307,798929.9141138428
100585706.95880081,115141523.75296909,100018943.20777586,100074687.2743439,1097369.5432424208,1271484.551425653,1050694.7607191307,798929.9141138428
100585706.95880081,115095233.78344855,100033753.82374558,100088497.35491185,1097369.5432424208,1271484.551425653,1050694.7607191307,798929.9141138428
100585706.95880081,115074671.78670798,100032016.58407944,100077102.66311967,1097369.5432424208,1271484.551425653,1050694.7607191307,798929.9141138428
100585706.95880081,115224049.52664375,100018914.23257916,100047372.81568444,1097369.5432424208,1271484.551425653,1050694.7607191307,798929.9141138428
100585706.95880081,115609222.49488816,100028277.38230458,100063778.88422555,1097369.5432424208,1271484.551425653,1050694.7607191307,798929.9141138428
100582350.49276638,116162869.7196801,100026998.19866878,100059940.23958427,1097369.5432424208,1271484.551425653,1050694.7607191307,798929.9141138428
100578517.51017846,116088555.3168839,100056415.23530363,100084348.4888942,1097369.5432424208,1271484.551425653,1050694.7607191307,798929.9141138428
100533478.22799426,116031134.73124379,100082216.08471076,100072902.23127085,1097369.5432424208,1271484.551425653,1050694.7607191307,798929.9141138428
100485306.46765684,115780300.817913,100102815.16949835,100054136.30704531,1115965.5058801207,1271484.551425653,1050694.7607191307,798929.9141138428
100470547.7528724,115954367.69339852,100088486.19376206,100044499.31503436,1103029.9264514148,1271484.551425653,1050694.7607191307,798929.9141138428
100479568.84955306,115973465.15759687,100097244.6173335,100052845.33592767,1110936.6523656438,1280598.5123368532,1050694.7607191307,798929.9141138428
100513222.7904715,116129915.37252958,100129918.63467814,100083381.3382022,1140433.3417588605,1314598.8908823899,1050694.7607191307,798929.9141138428
100488165.68727878,116232806.65368763,100105591.13537249,100060645.70192292,1118471.5277840653,1289283.8469215103,1050694.7607191307,798929.9141138428
100474302.74511985,116351767.29444389,100092131.84947056,100048067.12058166,1106321.06671536,1275278.1980050663,1050694.7607191307,798929.9141138428
100416426.23994201,116248535.52299933,100035940.57194348,99995552.70338354,1055594.0121771353,1216805.9052739246,1050694.7607191307,798929.9141138428
100420606.53554371,116077794.77723473,100039999.14717326,99999345.70689271,1055594.0121771353,1221029.2333303448,1050694.7607191307,798929.9141138428
100437636.86395158,116376974.92470543,100056533.59248923,100014798.2254628,1055594.0121771353,1221029.2333303448,1050694.7607191307,798929.9141138428
100420836.42048387,116457703.17383115,100040222.33840485,100014798.2254628,1055594.0121771353,1204268.3203178602,1050694.7607191307,798929.9141138428
100420836.42048387,116714880.99380916,100035996.77211592,100014798.2254628,1055594.0121771353,1204268.3203178602,1050694.7607191307,798929.9141138428
100420836.42048387,116705737.32708962,100038512.98761378,100014798.2254628,1055594.0121771353,1204268.3203178602,1050694.7607191307,798929.9141138428
100404868.74884985,116596193.97386362,100050179.29386094,100014798.2254628,1055594.0121771353,1204268.3203178602,1050694.7607191307,798929.9141138428
100380012.58336006,116656391.13708523,100078646.5365654,100014798.2254628,1055594.0121771353,1204268.3203178602,1050694.7607191307,798929.9141138428
100377300.76287292,116431842.02175377,100080486.46486107,100014798.2254628,1055594.0121771353,1204268.3203178602,1050694.7607191307,798929.9141138428
100377300.76287292,116494192.86341494,100107452.16183893,100014798.2254628,1055594.0121771353,1204268.3203178602,1050694.7607191307,798929.9141138428
100387165.96987437,116491334.5972609,100117581.25929205,100014798.2254628,1055594.0121771353,1204268.3203178602,1050694.7607191307,798929.9141138428
100383886.87848733,116382324.05839841,100114214.45348534,100014798.2254628,1055594.0121771353,1204268.3203178602,1050694.7607191307,798929.9141138428
100400128.65206937,115794550.61407632,100130890.68819585,100014798.2254628,1055594.0121771353,1204268.3203178602,1050694.7607191307,798929.9141138428
100389444.46990469,116229807.07198052,100119920.7083123,100014798.2254628,1046451.8084026278,1193840.026808444,1050694.7607191307,798929.9141138428
100398009.33192994,116696845.82010835,100128714.67706668,100014798.2254628,1053780.5597032325,1202199.7583901586,1050694.7607191307,798929.9141138428
100374877.89740919,116778305.46516447,100104964.48566607,100014798.2254628,1033987.5343948108,1179622.3271223188,1050694.7607191307,798929.9141138428
100389663.21827462,116319977.86716862,100120145.30811608,100014798.2254628,1046638.9862457599,1194053.5361038812,1050694.7607191307,798929.9141138428
100398771.48570064,116753054.67916961,100129497.21815443,100014798.2254628,1054432.7167866547,1202943.6584002564,1050694.7607191307,798929.9141138428
100384660.38988546,117143681.7632508,100115008.65601261,100014798.2254628,1042358.1834779232,1189170.5266217033,1050694.7607191307,798929.9141138428
100372226.80967516,117358531.99925582,100102242.4823659,100014798.2254628,1031719.0608780751,1177034.7335579726,1050694.7607191307,798929.9141138428
100360847.9695068,117306032.42386562,100090559.26264715,100014798.2254628,1021982.4545629406,1165928.419266118,1050694.7607191307,798929.9141138428
100358228.18105562,117499164.62239583,100087869.39587349,100014798.2254628,1019740.7631075063,1163371.375359483,1050694.7607191307,798929.9141138428
100371507.1716552,117575656.10700162,100101503.59430869,100014798.2254628,1031103.2835241219,1163371.375359483,1050694.7607191307,798929.9141138428
100393184.46953808,117947384.91670004,100123760.75148176,100014798.2254628,1049652.038259995,1163371.375359483,1050694.7607191307,798929.9141138428
100370844.63556944,117587843.6419551,100100823.33564024,100014798.2254628,1030536.3669543209,1163371.375359483,1050694.7607191307,798929.9141138428
100370844.63556944,116917670.10753608,100136941.0157299,100014798.2254628,1060636.2572683673,1163371.375359483,1050694.7607191307,798929.9141138428
100397578.97775243,116471176.22817521,100165226.2925075,100014798.2254628,1084208.7493662625,1163371.375359483,1050694.7607191307,798929.9141138428
100415100.53934598,116671976.72353561,100183764.32930888,100014798.2254628,1099658.0493482687,1163371.375359483,1050694.7607191307,798929.9141138428
100406079.73494212,116188321.83473983,100151807.92167273,100014798.2254628,1073026.0961804294,1163371.375359483,1050694.7607191307,798929.9141138428
100388180.9107395,116093287.44381063,100134084.44939621,100013872.95499323,1058205.0151218264,1154810.548065915,1050694.7607191307,798929.9141138428
100382716.62183763,115957721.43794103,100147909.88863398,99998925.8279264,1068909.0836912722,1151991.1328246095,1050694.7607191307,798929.9141138428
100385203.92215778,115715698.86173,100130515.93912816,100014192.23972651,1055248.5459873497,1153393.3281429606,1050694.7607191307,798929.9141138428
100298173.85507451,116177220.10148424,100103711.70035347,99964430.28518057,1030187.6123765357,1111132.2032847058,1050694.7607191307,798929.9141138428
100293015.35590313,116272862.57410416,100076492.38918987,99981020.13708532,1030187.6123765357,1131462.3361194583,1050694.7607191307,798929.9141138428
100278857.7518369,117004917.5348098,100057832.7612865,99969600.99915773,1030187.6123765357,1117468.6855275477,1050694.7607191307,798929.9141138428
100283280.90726084,117119778.795485,100078091.23461002,99973168.59587994,1030187.6123765357,1117468.6855275477,1050694.7607191307,798929.9141138428
100266777.74802631,116661632.25029905,100080285.88787107,99959857.59702316,1030187.6123765357,1117468.6855275477,1050694.7607191307,798929.9141138428
100266777.74802631,116725466.39520834,100094347.85922897,99972001.84307797,1030187.6123765357,1117468.6855275477,1050694.7607191307,798929.9141138428
100266777.74802631,116247332.84772022,100093024.07290706,99981656.7386048,1030187.6123765357,1117468.6855275477,1050694.7607191307,798929.9141138428
100266777.74802631,116216377.75109419,100106545.70262551,100009521.8088606,1030187.6123765357,1117468.6855275477,1050694.7607191307,798929.9141138428
100266777.74802631,115802658.24673223,100123228.90302666,100010425.69389108,1031163.4013384128,1117468.6855275477,1050694.7607191307,798929.9141138428
100281166.21425283,115415184.59830737,100147164.01188363,100022687.29358213,1044400.4096195602,1131814.3289379214,1050694.7607191307,798929.9141138428
100302785.00192237,116035683.18249738,100180990.8193891,100041110.4469632,1064289.1223499305,1153368.774977485,1050694.7607191307,798929.9141138428
100320501.86080104,116294865.23975681,100187423.16210654,100051447.60048354,1075448.5950288405,1165462.8835781014,1050694.7607191307,798929.9141138428
100337423.5720814,116696048.01370567,100216341.9078237,100044464.02135685,1067909.4731311195,1157292.3398967106,1050694.7607191307,798929.9141138428
100334944.81118774,117175333.63409907,100228175.26302716,100033593.30643755,1056173.994316401,1144573.9830935558,1050694.7607191307,798929.9141138428
100301511.67239769,117524045.43836512,100202147.18529463,100004307.4285819,1045235.6104835334,1132714.6335439787,1050694.7607191307,798929.9141138428
100329034.51567414,117184871.69168447,100205756.33746563,100027872.1168346,1067807.6899036486,1157177.8575131113,1050694.7607191307,798929.9141138428
100329211.14387195,117335111.67177023,100200086.83129303,100027849.52372858,1072287.2590539146,1162031.5469606377,1050694.7607191307,798929.9141138428
100353031.67218497,117720435.16558279,100235137.90779486,100049219.21081363,1067511.6847460768,1156862.5321476255,1050694.7607191307,798929.9141138428
100340646.682548,117780102.61088957,100234662.52905904,100038650.42368737,1056479.801613153,1144906.6105431109,1050694.7607191307,798929.9141138428
100320995.3399487,117889027.83846106,100203730.95678496,100020959.42872041,1061954.0978943512,1150833.6342544714,1050694.7607191307,798929.9141138428
100346148.11540765,117648796.84305014,100219898.80182397,100042887.85340284,1072782.893585278,1162572.381326182,1050694.7607191307,798929.9141138428
100349002.92809409,117595921.80398954,100197184.07728489,100044627.10404716,1092705.4945532312,1184159.3242186378,1050694.7607191307,798929.9141138428
100343572.77970132,117816076.15457739,100191126.82305387,100039814.67433639,1092322.2304061828,1183742.8327694968,1050694.7607191307,798929.9141138428
100365587.38537958,118128940.89642538,100213738.72445633,100059265.56819522,1094507.729710572,1187036.1256347117,1050694.7607191307,798929.9141138428
100380869.69581479,118104936.92929853,100230684.0263474,100072806.29377566,1095027.4203484165,1188292.3486579661,1050694.7607191307,798929.9141138428
100353606.87279676,118214450.41242422,100227138.61712803,100049465.13657299,1072779.1963542826,1164035.7803952608,1050694.7607191307,798929.9141138428
100427957.85596183,117956078.90333189,100251410.02302028,100113566.84878856,1121786.8015444889,1218140.5249959494,1050694.7607191307,798929.9141138428
100406530.8939571,117950614.37534155,100202456.53286467,100093812.42113751,1141189.3682040982,1237166.0728192374,1050694.7607191307,798929.9141138428
100407613.62896909,117896018.86907972,100205708.07623203,100094834.39156088,1139587.4084435496,1235562.921997048,1050694.7607191307,798929.9141138428
100394555.33778347,117967133.81686033,100209741.46870744,100083829.49932827,1124351.3658133284,1219215.772155527,1050694.7607191307,798929.9141138428
100420331.34952414,118150677.85890211,100213313.01809734,100105904.42008397,1145210.8762537597,1241822.3228305453,1050694.7607191307,798929.9141138428
100388815.32240795,118411651.80455603,100217733.33688548,100079181.98196846,1112685.043106484,1206572.3634707192,1050694.7607191307,798929.9141138428
100361959.23352613,118633285.66733564,100177829.53554177,100025542.80777733,1087978.1518137488,1179796.2034248537,1050694.7607191307,798929.9141138428
100379834.92566505,118695539.17571844,100201988.37588294,100059394.7881393,1087978.1518137488,1179796.2034248537,1050694.7607191307,798929.9141138428
100405792.48688996,118734767.07925047,100207724.43849486,100085936.0118126,1087978.1518137488,1205187.2305754109,1050694.7607191307,798929.9141138428
100392067.82636222,118856550.01394095,100183423.3682328,100055511.85498844,1087978.1518137488,1191762.1162099906,1050694.7607191307,798929.9141138428
100403370.54729992,118593541.44933905,100188917.18377514,100069377.78575286,1087978.1518137488,1202818.1507780184,1050694.7607191307,798929.9141138428
100422323.98486024,118814415.67892279,100151644.81901564,100056804.6739912,1087978.1518137488,1221357.9220423743,1050694.7607191307,798929.9141138428
100427428.94224417,119013889.23734106,100156603.39146923,100064976.48010668,1087978.1518137488,1226351.4617056204,1050694.7607191307,798929.9141138428
100405195.6544939,119077743.62174238,100179652.31391655,100063792.90153615,1068722.5365300323,1204603.424283233,1050694.7607191307,798929.9141138428
100408996.64185046,118615259.53562368,100150934.17728734,100044899.67077106,1072014.463079909,1208321.4535824065,1050694.7607191307,798929.9141138428
100414456.98479787,119128043.30109419,100152793.1437341,100050985.53968564,1076743.5100968634,1213662.6223781877,1050694.7607191307,798929.9141138428
100407780.60221168,119377782.07641806,100146410.17231677,100040376.8429915,1070961.2858927604,1207131.9544913084,1050694.7607191307,798929.9141138428
100402345.20931505,119549927.04608549,100147320.02908671,100036446.10043786,1066253.8474019254,1201815.1912015448,1050694.7607191307,798929.9141138428
100413491.58495855,119816912.02030005,100116359.86335994,100022084.6043038,1075907.4048788827,1212718.292773458,1050694.7607191307,798929.9141138428
100451054.6702548,120032187.86948866,100125861.21662512,100061417.67041045,1108439.719822955,1249461.5488271296,1050694.7607191307,798929.9141138428
100450388.79729973,120059545.59830959,100124194.12154433,100059565.43568143,1107863.02628151,1248810.2088135388,1050694.7607191307,798929.9141138428
100467069.00639676,120116705.43112865,100141990.14833511,100087494.98141792,1122309.27880304,1265126.3657278898,1050694.7607191307,798929.9141138428
100508828.84482953,119479851.5564365,100137914.34965089,100119940.86818597,1158476.2817314283,1305974.7791155083,1050694.7607191307,798929.9141138428
100475017.50587216,119648531.70494202,100125283.4860441,100081393.13768992,1129193.2470987071,1272901.386048082,1050694.7607191307,798929.9141138428
100483560.34100695,119725806.00779809,100144267.77680528,100103617.49769893,1136591.9525279498,1281257.770416047,1050694.7607191307,798929.9141138428
100498265.8053894,119774171.50306448,100182805.39748526,100146389.023718,1149327.935073467,1295642.2822028508,1050694.7607191307,798929.9141138428
100545915.08421639,120018231.75505601,100161422.11015852,100172264.36144832,1190595.614057548,1342251.5966109885,1050694.7607191307,798929.9141138428
100546317.3491948,119877420.1142338,100167886.80437326,100177604.11210606,1190944.0042620655,1342251.5966109885,1050694.7607191307,798929.9141138428
100596916.89494263,119843508.18207951,100207884.5107242,100221332.10472158,1203515.5337418907,1342251.5966109885,1050694.7607191307,798929.9141138428
100699103.86720029,120096434.04932493,100261239.80184112,100310498.34569986,1250328.8166004492,1342251.5966109885,1050694.7607191307,798929.9141138428
100665028.6112175,120299158.82523054,100281085.93828323,100280334.81658942,1206080.4433332297,1361225.970016408,1050694.7607191307,798929.9141138428
100678515.69399166,120282286.87167448,100308123.08385193,100292494.42698582,1197684.7620192973,1387075.4796846271,1050694.7607191307,798929.9141138428
100684846.13112725,119862191.51858228,100344164.26764426,100298349.55258514,1176404.9571793147,1421533.5154460892,1050694.7607191307,798929.9141138428
100665229.08127879,120053368.72596067,100348323.5669895,100280938.49519104,1156326.6990768556,1425510.1130630407,1050694.7607191307,798929.9141138428
100726080.69282752,119574660.34375852,100380752.5433104,100335234.02871041,1157584.169228045,1456514.6114783052,1050694.7607191307,798929.9141138428
100680292.40530409,120268465.69548124,100355182.51634127,100294371.52031265,1156592.6625779246,1432067.7756362706,1050694.7607191307,798929.9141138428
100657881.14930332,120414029.14621443,100333422.2982351,100274273.15209931,1155748.885565628,1411263.3986768355,1050694.7607191307,798929.9141138428
100724278.63428815,120659715.82587141,100395680.16109285,100333800.27136591,1158163.0044525692,1471297.4158092448,1050694.7607191307,798929.9141138428
100716363.47714815,120530736.79245847,100357537.61222059,100326453.87914199,1156683.9840782431,1436153.3261911182,1050694.7607191307,798929.9141138428
100711895.96622905,120147830.1791467,100354787.60678378,100322460.35766138,1156577.3495141983,1433424.919552691,1050694.7607191307,798929.9141138428
100732574.80500191,120317087.67825407,100353683.316476,100340832.5524865,1156534.5294113827,1433451.4566172971,1050694.7607191307,798929.9141138428
100678819.61942132,120404661.8912744,100285935.16626032,100292498.31056774,1153907.5184366454,1369046.9235746346,1050694.7607191307,798929.9141138428
100658827.15670627,120652589.87194914,100273949.19202326,100274629.59869106,1153907.5184366454,1357129.0880483207,1050694.7607191307,798929.9141138428
100651092.57208161,120448612.92825407,100274124.96715567,100267755.84416597,1153907.5184366454,1356734.952067127,1050694.7607191307,798929.9141138428
100696484.39391267,120612183.16039366,100295675.2290224,100308279.67176993,1153907.5184366454,1358030.7475058788,1050694.7607191307,798929.9141138428
100641168.9186242,119817425.25484937,100251614.23865187,100258751.45368493,1153907.5184366454,1357253.4862517563,1050694.7607191307,798929.9141138428
100650356.788683,120170755.22507185,100254415.29794481,100266918.44929273,1153907.5184366454,1357712.272091332,1050694.7607191307,798929.9141138428
100665495.71491417,120608137.62436765,100237902.11172228,100280375.27260934,1153907.5184366454,1358468.2171511562,1050694.7607191307,798929.9141138428
100619574.60814741,120728856.21328825,100210886.48952493,100239556.51103888,1153907.5184366454,1356175.198923054,1050694.7607191307,798929.9141138428
100602089.58430676,120569565.54214047,100190391.62302266,100224014.26762497,1153907.5184366454,1355302.104147942,1050694.7607191307,798929.9141138428
100608232.91356267,120546795.26362643,100209973.7881001,100229475.00474134,1153907.5184366454,1355302.104147942,1050694.7607191307,798929.9141138428
100609132.6866028,120401121.04508878,100212840.2734022,100230274.80299923,1153907.5184366454,1355302.104147942,1050694.7607191307,798929.9141138428
100588460.20817234,120731586.46631669,100236368.85135245,100211899.2666166,1153907.5184366454,1355302.104147942,1050694.7607191307,798929.9141138428
100588460.20817234,120709237.64534426,100262544.2854518,100223711.05462775,1153907.5184366454,1355302.104147942,1050694.7607191307,798929.9141138428
100588460.20817234,120198892.18976074,100238496.73592938,100246262.26542498,1153907.5184366454,1355302.104147942,1050694.7607191307,798929.9141138428
100588460.20817234,120288676.19730273,100261216.12094134,100272676.02965896,1153907.5184366454,1355302.104147942,1050694.7607191307,798929.9141138428
100588460.20817234,120123506.36937563,100241509.49356414,100256611.54088715,1153907.5184366454,1355302.104147942,1050694.7607191307,798929.9141138428
100588460.20817234,119880151.10860857,100258862.29101698,100246347.63486901,1153907.5184366454,1355302.104147942,1050694.7607191307,798929.9141138428
100609708.21480012,118822992.46401276,100271855.33437015,100265974.65954787,1153907.5184366454,1355302.104147942,1050694.7607191307,798929.9141138428
100649395.77806835,118693874.36246161,100308147.16943164,100302634.5118039,1153907.5184366454,1394935.1140646094,1050694.7607191307,798929.9141138428
100636422.81839275,119330258.63576859,100292343.5622094,100303241.4944945,1153907.5184366454,1395591.323774015,1050694.7607191307,798929.9141138428
100657810.04329109,119509415.14251247,100301880.02339992,100315399.70842046,1153907.5184366454,1408735.5833234391,1050694.7607191307,798929.9141138428
100718979.10885291,118530439.97752486,100344434.05268176,100338000.76857796,1180852.8619084074,1435167.760727655,1050694.7607191307,798929.9141138428
100755502.35074247,118374861.05406104,100376565.83880977,100369259.80622981,1197256.6531355577,1445475.0843198183,1050694.7607191307,798929.9141138428
100668944.73046337,117483296.79655181,100332952.36390421,100291085.42330344,1159905.5724048153,1394551.9835399745,1050694.7607191307,798929.9141138428
100671100.09628364,118173146.38080703,100360883.84299575,100291863.23562254,1162093.7340415483,1373959.0868681546,1050694.7607191307,798929.9141138428
100652665.72566894,117714282.3979312,100343800.43294737,100275553.63996378,1153773.6883074434,1369461.502307041,1050694.7607191307,798929.9141138428
100668211.06260642,118191202.07783614,100350683.49711739,100289634.7359386,1156517.7393367481,1379380.420327005,1050694.7607191307,798929.9141138428
100721549.87212351,117455870.50226508,100371966.21966158,100338051.10575134,1165002.459987511,1415314.860321017,1050694.7607191307,798929.9141138428
100716548.31123646,116436559.6643611,100378561.57692301,100333137.08228104,1167631.8117463838,1404949.4105834912,1050694.7607191307,798929.9141138428
100656025.63701087,116590014.96821891,100349524.62336549,100278412.62567832,1156055.734532906,1368155.4442456511,1050694.7607191307,798929.9141138428
100635003.20835197,118389777.09523688,100321052.293043,100260204.70703912,1144704.754010518,1366818.5126491692,1050694.7607191307,798929.9141138428
100627720.87954888,118569805.0089923,100314917.77762753,100253735.01300606,1142259.1247203709,1364641.600865311,1050694.7607191307,798929.9141138428
100598785.57483666,118627356.11331664,100349624.59082887,100225456.29823296,1156095.58826868,1366271.2755233564,1050694.7607191307,798929.9141138428
100624191.53952795,118926059.04577743,100379081.9457449,100226788.6759587,1167839.26566023,1367654.459410659,1050694.7607191307,798929.9141138428
100603390.58012883,118687913.60780822,100354963.93837698,100208596.05604166,1158224.210314518,1366521.987086506,1050694.7607191307,798929.9141138428
100603335.36433974,120472517.04263152,100354899.91754109,100208547.76404488,1158198.687315417,1366518.9809581924,1050694.7607191307,798929.9141138428
100626728.45044172,120955546.57310466,100382023.40796,100229007.47054082,1169011.9297847562,1367792.5771456906,1050694.7607191307,805780.4211802247
100624234.14770623,120590434.5889161,100379131.3484834,100226825.94127795,1167858.9609052623,1367656.7791393672,1050694.7607191307,811531.3107100436
100642387.63671389,121121930.08775534,100400179.70366931,100242703.07075778,1176250.2470078578,1368645.114508594,1050694.7607191307,826238.1593782186
100618341.5195623,121616914.52365108,100372299.04588309,100221672.22014049,1165135.1468422525,1367335.9651729793,1050694.7607191307,813502.3823573487
100630746.55631296,121882606.43407519,100386682.26552267,100232521.7254124,1170869.2628815416,1368011.335983078,1050694.7607191307,798537.8370580531
100563880.26367769,121699781.52290164,100309153.06566702,100174040.14175878,1139960.9238903155,1364370.91611709,1050694.7607191307,802532.7749049155
100566006.04054578,122052476.3889738,100311617.83189167,100175899.3565117,1139960.9238903155,1364370.91611709,1050694.7607191307,793819.4309644805
100599545.42067571,121869607.09990804,100350505.60632403,100205233.06094567,1139960.9238903155,1364370.91611709,1050694.7607191307,786079.1660735367
100599545.42067571,121456953.83622953,100327259.94887337,100187698.46929099,1139960.9238903155,1364370.91611709,1050694.7607191307,779542.2136709113
100599545.42067571,121443543.52508026,100320998.62033513,100182975.44352297,1139960.9238903155,1364370.91611709,1050694.7607191307,812499.7786328176
100599545.42067571,121593699.40389723,100343502.62310557,100199950.59253792,1139960.9238903155,1364370.91611709,1050694.7607191307,801823.2160120085
100599545.42067571,121267081.45426948,100328234.12773283,100188433.30884266,1139960.9238903155,1364370.91611709,1050694.7607191307,800434.4563053907
100599545.42067571,121039201.40526585,100309604.12127933,100174380.38061811,1139960.9238903155,1364370.91611709,1050694.7607191307,795753.8799583933
100599545.42067571,121478861.9714353,100327366.12545432,100187778.56007758,1139960.9238903155,1364370.91611709,1050694.7607191307,793020.7690152276
100599545.42067571,121581282.52857623,100367344.43877058,100217934.8763931,1139960.9238903155,1364370.91611709,1050694.7607191307,772218.2384266657
100599545.42067571,122434462.67832513,100317672.50392956,100180466.49779443,1139960.9238903155,1364370.91611709,1050694.7607191307,758854.7596059499
100599545.42067571,122230910.6552236,100363087.88559377,100214724.08650813,1139960.9238903155,1364370.91611709,1050694.7607191307,758854.7596059499
100599545.42067571,121940884.23078148,100358001.81891221,100210887.58058959,1139960.9238903155,1364370.91611709,1050694.7607191307,758854.7596059499
100599545.42067571,121933971.50320514,100309081.39132918,100173986.07659635,1139960.9238903155,1364370.91611709,1050694.7607191307,758854.7596059499
100599545.42067571,121877105.64104176,100329877.57448924,100189672.988462,1139960.9238903155,1364370.91611709,1050694.7607191307,758854.7596059499
100599545.42067571,121603967.66624574,100375943.16242534,100224421.03873794,1139960.9238903155,1364370.91611709,1050694.7607191307,758854.7596059499
100611704.42686924,121097139.90565655,100390313.68854237,100235260.9690716,1139960.9238903155,1364370.91611709,1050694.7607191307,758854.7596059499
100577539.7587302,120914564.27573837,100399168.88523605,100241940.59335735,1139960.9238903155,1372217.4627178381,1050694.7607191307,758854.7596059499
100580052.77426858,121398675.60313359,100396699.73560226,100240078.07212496,1139960.9238903155,1370277.6655327575,1050694.7607191307,758854.7596059499
100628601.24029562,121192485.16939045,100396312.64218567,100239786.08102915,1139960.9238903155,1369934.663944294,1050694.7607191307,758854.7596059499
100623583.36651851,121319097.65530284,100372620.79679151,100221914.92227983,1139960.9238903155,1348941.4352929976,1050694.7607191307,758854.7596059499
100641756.49836041,121075964.61151744,100382946.3451408,100229703.65762964,1139960.9238903155,1358090.8533244014,1050694.7607191307,758854.7596059499
100714670.93646654,121740702.21516868,100444618.59534927,100276224.07659937,1139960.9238903155,1413787.0626587071,1050694.7607191307,758854.7596059499
100752520.78865798,122013283.98837438,100499988.55790587,100310572.70132276,1132471.17875838,1462394.9219973935,1050694.7607191307,758854.7596059499
100721580.2088217,121992221.82825054,100533368.79268166,100284555.83199595,1084366.467561248,1488979.3268569557,1071879.7325020148,758854.7596059499
100678176.91850716,122214130.34112112,100511047.57522178,100246455.59467763,1083595.6045529388,1467960.4697302864,1057713.4342352832,758854.7596059499
100673085.08090143,122427135.55743141,100525155.32994233,100242373.86050127,1084082.815712631,1479594.2733334322,1066667.007740152,758854.7596059499
100683191.08312134,122080589.65847947,100540181.83204985,100251473.0975421,1084601.7558035904,1492909.1835619959,1076203.6699380465,758854.7596059499
100652171.75150447,122129340.8378436,100503520.60266665,100182742.3510748,1083335.660635555,1460423.8470137143,1052936.3947009011,758854.7596059499
100644353.51600899,122197459.86642615,100494280.36085834,100198691.462763,1083016.5489826777,1452236.1138148953,1047072.018273029,758854.7596059499
100666083.86662135,122022826.91051364,100519963.09890753,100233735.5831564,1083903.5020688965,1474993.462737614,1063371.7263048566,758854.7596059499
100666083.86662135,122022826.91051364,100519963.09890753,100233735.5831564,1084104.050916812,1480139.1239670194,1067057.251185405,758854.7596059499
100666083.86662135,122022826.91051364,100519963.09890753,100233735.5831564,1083595.864669781,1467100.1347339908,1057718.2144526888,758854.7596059499
100666083.86662135,122022826.91051364,100519963.09890753,100233735.5831564,1082616.4408680687,1441970.181926899,1039719.1542370111,758854.7596059499
100666083.86662135,122022826.91051364,100519963.09890753,100233735.5831564,1082638.706776182,1442541.4782534856,1040128.3391273356,758854.7596059499
100666083.86662135,122022826.91051364,100519963.09890753,100233735.5831564,1083008.2951951325,1452024.3390028754,1046920.3368264711,758854.7596059499
100666083.86662135,122022826.91051364,100519963.09890753,100233735.5831564,1082660.2398330148,1443093.9711590696,1040524.0562682581,758854.7596059499
100666083.86662135,122022826.91051364,100519963.09890753,100233735.5831564,1082636.170616221,1442476.4057281734,1040081.7316263,758854.7596059499
100666083.86662135,122022826.91051364,100519963.09890753,100233735.5831564,1081252.6946132435,1406979.32407283,1014657.3261329858,758854.7596059499
100666083.86662135,122022826.91051364,100519963.09890753,100233735.5831564,1080860.7977876924,1406979.32407283,1014657.3261329858,758854.7596059499
100666083.86662135,122022826.91051364,100519963.09890753,100233735.5831564,1080860.7977876924,1406979.32407283,1014657.3261329858,758854.7596059499
100666083.86662135,122022826.91051364,100519963.09890753,100233735.5831564,1080860.7977876924,1406979.32407283,1014657.3261329858,758854.7596059499
100666083.86662135,122022826.91051364,100519963.09890753,100233735.5831564,1080860.7977876924,1406979.32407283,1014657.3261329858,758854.7596059499
100666083.86662135,122022826.91051364,100519963.09890753,100233735.5831564,1080860.7977876924,1406979.32407283,1014657.3261329858,758854.7596059499
100666083.86662135,122022826.91051364,100519963.09890753,100233735.5831564,1080860.7977876924,1406979.32407283,1014657.3261329858,758854.7596059499
100666083.86662135,122022826.91051364,100519963.09890753,100233735.5831564,1080860.7977876924,1406979.32407283,1014657.3261329858,758854.7596059499
100666083.86662135,122022826.91051364,100519963.09890753,100233735.5831564,1080860.7977876924,1406979.32407283,1014657.3261329858,758854.7596059499
100666083.86662135,122022826.91051364,100519963.09890753,100233735.5831564,1080860.7977876924,1406979.32407283,1014657.3261329858,758854.7596059499
100666083.86662135,122022826.91051364,100519963.09890753,100233735.5831564,1080860.7977876924,1374112.965907059,1014657.3261329858,758854.7596059499
100666083.86662135,122022826.91051364,100519963.09890753,100233735.5831564,1080860.7977876924,1394528.645968726,1014657.3261329858,758854.7596059499
100666083.86662135,122022826.91051364,100519963.09890753,100233735.5831564,1080860.7977876924,1354324.6246982254,1014657.3261329858,758854.7596059499
100666083.86662135,122022826.91051364,100519963.09890753,100233735.5831564,1103600.776066633,1355842.3984241032,1014657.3261329858,758854.7596059499
100666083.86662135,122022826.91051364,100519963.09890753,100233735.5831564,1120714.4402184463,1356984.6453288493,1014657.3261329858,758854.7596059499
100666083.86662135,122022826.91051364,100519963.09890753,100233735.5831564,1136820.9056512886,1343800.8221888184,1014657.3261329858,758854.7596059499
100666083.86662135,122022826.91051364,100519963.09890753,100233735.5831564,1127749.6468953635,1343195.3634662332,1014657.3261329858,758854.7596059499
100666083.86662135,122022826.91051364,100519963.09890753,100233735.5831564,1075391.191451011,1339700.7124588233,1014657.3261329858,758854.7596059499
100666083.86662135,122022826.91051364,100519963.09890753,100233735.5831564,1095184.656836582,1341021.8219751904,1014657.3261329858,758854.7596059499
